Name,SMIRKS Strings,Name of rule subset,Rule source,Common Type
N-demethylation_(R-NHCH3),[*;!c:1][NH1;X3:2][CH3]>>[*:1][N:2],Phase 1 SyGMa rules,SyGMa,Oxidative Cleavage
N-demethylation_(c-NHCH3),[c:1][NH1;X3:2][CH3]>>[c:1][N:2],Phase 1 SyGMa rules,SyGMa,Oxidative Cleavage
N-demethylation_(R-N(CH3)2),[*;!c:1][NH0;X3:2]([CH3])[CH3:3]>>[*:1][N:2][CH3:3],Phase 1 SyGMa rules,SyGMa,Oxidative Cleavage
N-demethylation_(c-N(CH3)2),[c:1][NH0;X3:2]([CH3])[CH3:3]>>[c:1][N:2][CH3:3],Phase 1 SyGMa rules,SyGMa,Oxidative Cleavage
N-demethylation_(R-N(CR)CH3),[*;!$([CH3]):1][NH0;X3:2]([CH3])[#6;!$([CH3]):3]>>[*:1][N:2][#6:3],Phase 1 SyGMa rules,SyGMa,Oxidative Cleavage
N-demethylation_(nCH3),[n:1][CH3]>>[nH1:1],Phase 1 SyGMa rules,SyGMa,Oxidative Cleavage
N-depropylation,[N;X3:2][CH1]([CH3])[CH3]>>[N:2],Phase 1 SyGMa rules,SyGMa,Oxidative Cleavage
n-deglycosidation,[n:2][C:3]1[O:4][C:5][C:6][C:7]1>>([nH1:2].O[C:3]1[O:4][C:5][C:6][C:7]1),Phase 1 SyGMa rules,SyGMa,Oxidative Cleavage
N-deformylation,[NX3:2][CX3;H1]=O>>[N:2],Phase 1 SyGMa rules,SyGMa,Oxidative Cleavage
N-dealkylation_(piperazine),"[*;!C,!X4:1][N;X3:2]1[C:3][C:4][N;X3:5][CH2][CH2]1>>[*:1][N:2][C:3][C:4][N:5]",Phase 1 SyGMa rules,SyGMa,Oxidative Cleavage
N-dealkylation_(morpholine),[N;X3:2]1[C:3][C:4][O:5][CH2][CH2]1>>[N:2][C:3][C:4][O:5],Phase 1 SyGMa rules,SyGMa,Oxidative Cleavage
N-dealkylation_(R-NHCH2-alkyl),[*;!c:1][NH1;X3:2]!@[CH2:3][#6:4]>>([*:1][N:2].O[C:3][#6:4]),Phase 1 SyGMa rules,SyGMa,Oxidative Cleavage
N-dealkylation_(c-NHCH2-alkyl),[c:1][NH1;X3:2]!@[CH2:3][#6:4]>>([c:1][N:2].O[C:3][#6:4]),Phase 1 SyGMa rules,SyGMa,Oxidative Cleavage
N-dealkylation_(tertiaryN-CH2-alkyl),[NH0;X3:2]!@[C;X4;H2:4]>>([N:2].O[C:4]),Phase 1 SyGMa rules,SyGMa,Oxidative Cleavage
N-dealkylation_(quarternary_N),"[#6:1][N+;X4:2]([#6:3])([CH3:4])!@[#6;H1,H2:5]>>([#6:1][N+:2]([H])([#6:3])[C:4].O[#6:5])",Phase 1 SyGMa rules,SyGMa,Oxidative Cleavage
N-dealkylation_(nCH2),[n:1][CH2:2]>>([nH:1].O[C:2]),Phase 1 SyGMa rules,SyGMa,Oxidative Cleavage
O-demethylation,[#6;!$(C=O):1][O:2][CH3]>>[#6:1][O:2],Phase 1 SyGMa rules,SyGMa,Oxidative Cleavage
het-O-demethylation,[*;!#6;!#1;!$(*=O):1][O:2][CH3]>>[*:1][O:2],Phase 1 SyGMa rules,SyGMa,Oxidative Cleavage
O-dealkylation_(aliphatic),"[C;!$(C(O)~[!#6;!#1]);!$([CH3]):1][O;!$(O1CC1):2][C;X4;!$(C(O)~[!#6;!#1]);H1,H2:3]>>([C:1][O:2].O[C:3])",Phase 1 SyGMa rules,SyGMa,Oxidative Cleavage
O-dealkylation_(aromatic),"[c:1][O:2][C;X4;!$(C(O)~[!#6;!#1]);H1,H2:3]>>([c:1][O:2].O[C:3])",Phase 1 SyGMa rules,SyGMa,Oxidative Cleavage
O-deglycosidation,[#6;!$([CH3]);!$(C=O):1][O:2][C:3]1[O:4][C:5][C:6][C:7][C:8]1>>([#6:1][O:2].O[C:3]1[O:4][C:5][C:6][C:7][C:8]1),Phase 1 SyGMa rules,SyGMa,Oxidative Cleavage
O-dealkylation_(methylenedioxyphenyl)a,[O:1]1[c:2]2[c:3][c:4][c:5][c:6][c:7]2[O:8][CH2]1>>[O:1][c:2]2[c:3][c:4][c:5][c:6][c:7]2[O:8],Phase 1 SyGMa rules,SyGMa,Oxidative Cleavage
S-dealkylation_c-SCH2-R,[c:1][S:2][CH2:3]>>([c:1][S:2]([H]).O[C:3]),Phase 1 SyGMa rules,SyGMa,Oxidative Cleavage
aromatic_hydroxylation_(para_to_carbon),[#6:1]~[a:2]1[a:3][a:4][cH1:5]([H])[a:6][a:7]1>>[#6:1]~[a:2]1[a:3][a:4][c:5](O)[a:6][a:7]1,Phase 1 SyGMa rules,SyGMa,Oxidation
aromatic_hydroxylation_(para_to_nitrogen),[#7:1]~[a:2]1[a:3][a:4][cH1:5]([H])[a:6][a:7]1>>[#7:1]~[a:2]1[a:3][a:4][c:5](O)[a:6][a:7]1,Phase 1 SyGMa rules,SyGMa,Oxidation
aromatic_hydroxylation_(para_to_oxygen),[#8:1]~[a:2]1[a:3][a:4][cH1:5]([H])[a:6][a:7]1>>[#8:1]~[a:2]1[a:3][a:4][c:5](O)[a:6][a:7]1,Phase 1 SyGMa rules,SyGMa,Oxidation
aromatic_hydroxylation_(meta_to_carbon),"[#6:1]~[a:2]1[a;!$(a(a)(a)[#6,#7,#8]):3][cH1:4]([H])[a;!$(a(a)(a)[#6,#7,#8]):5][a:6][a;!$(a(a)(a)[#6,#7,#8]):7]1>>[#6:1]~[a:2]1[a:3][c:4](O)[a:5][a:6][a:7]1",Phase 1 SyGMa rules,SyGMa,Oxidation
aromatic_hydroxylation_(ortho_to_nitrogen),"[#7:1]~[a:2]1[cH1:3]([H])[a;!$(a(a)(a)[#6,#7,#8]):4][a:5][a;!$(a(a)(a)[#6,#7,#8]):6][a:7]1>>[#7:1]~[a:2]1[c:3](O)[a:4][a:5][a:6][a:7]1",Phase 1 SyGMa rules,SyGMa,Oxidation
aromatic_hydroxylation_(ortho_to_oxygen),"[#8:1]~[a:2]1[cH1:3]([H])[a;!$(a(a)(a)[#6,#7,#8]):4][a:5][a;!$(a(a)(a)[#6,#7,#8]):6][a:7]1>>[#8:1]~[a:2]1[c:3](O)[a:4][a:5][a:6][a:7]1",Phase 1 SyGMa rules,SyGMa,Oxidation
aromatic_hydroxylation_(ortho_to_2_substituents),"[#6,#7,#8:1]~[a:2]1[cH1:3]([H])[a;$(a(a)(a)[#6,#7,#8]):4][a:5][a;!$(a(a)(a)[#6,#7,#8]):6][a:7]1>>[*:1]~[a:2]1[c:3](O)[a:4][a:5][a:6][a:7]1",Phase 1 SyGMa rules,SyGMa,Oxidation
aromatic_hydroxylation_(sulfur_containing_5ring),[cH1;$(c1saaa1):2]([H])>>[c:2]O,Phase 1 SyGMa rules,SyGMa,Oxidation
aromatic_oxidation_(nitrogen_containing_5ring),[nH0:1][cH1;$(c1naan1):2]([H])>>[nH1:1]-[cH0:2]=O,Phase 1 SyGMa rules,SyGMa,Oxidation
aromatic_dehydroxylation,[c;$(cc[OH1]):1][OH1]>>[c:1],Phase 1 SyGMa rules,SyGMa,Reduction
aliphatic_hydroxylation_(primary_carbon_next_to_quart_carbon),[C;X4;H0;$(C[!C]):1][CH3:2]([H])>>[C:1][C:2]O,Phase 1 SyGMa rules,SyGMa,Oxidation
aliphatic_hydroxylation_(primary_carbon_next_to_tert_carbon),[CH1;$(C(-[#6])(-[#6])-[CH3]):1][CH3:2]([H])>>[C:1][C:2]O,Phase 1 SyGMa rules,SyGMa,Oxidation
aliphatic_hydroxylation_(primary_carbon_next_to_sec_carbon),[#6:1][CH2:2][CH3:3]([H])>>[#6:1][C:2][C:3]O,Phase 1 SyGMa rules,SyGMa,Oxidation
aliphatic_hydroxylation_(primary_carbon_next_to_SP2_or_SP1),"[C;$(C=*),$(C#*):1][CH3:2]([H])>>[C:1][C:2]O",Phase 1 SyGMa rules,SyGMa,Oxidation
"aliphatic_hydroxylation_(sec_carbon,next_to_CH3)",[CX4:1][CH2:2]([H])[CH3]>>[C:1][C:2](O)C,Phase 1 SyGMa rules,SyGMa,Oxidation
aliphatic_hydroxylation_(sec_carbon_in_a_ringA),[CX4;H2:1][CH2;R:2]([H])[CX4;H2:3]>>[C:1][C:2](O)[C:3],Phase 1 SyGMa rules,SyGMa,Oxidation
aliphatic_hydroxylation_(sec_carbon_in_a_ringB),"[CX4;H2:1][CH2;R:2]([H])[CX4;!H2:3][*;!#1;$([CH3]),!#6:4]>>[C:1][C:2](O)[C:3][*:4]",Phase 1 SyGMa rules,SyGMa,Oxidation
"aliphatic_hydroxylation_(sec_carbon_next_to_SP2,not_in_a_ring)",[CX4:1][CH2;!R:2]([H])[*;!c;$(*=*):3]>>[C:1][C:2](O)[*:3],Phase 1 SyGMa rules,SyGMa,Oxidation
"aliphatic_hydroxylation_(sec_carbon_next_to_SP2,in_a_ring)","[CX4:1][CH2;R:2]([H])[*;!c;$(*=*),$([#7]):3]>>[C:1][C:2](O)[*:3]",Phase 1 SyGMa rules,SyGMa,Oxidation
"aliphatic_hydroxylation_(sec_carbon_both_sides_next_to_SP2,in_a_ring)",[*;!c;$(*=*):1][CH2;R:2]([H])[*;!c;$(*=*):3]>>[*:1][C:2](O)[*:3],Phase 1 SyGMa rules,SyGMa,Oxidation
aliphatic_hydroxylation_(tert_carbon_next_to_SP2),"[C:1][CH1;X4:2]([C;!$([CH3]):3])([H])[N,C&$([C]=*):4]>>[C:1][C:2](O)([C:3])[*:4]",Phase 1 SyGMa rules,SyGMa,Oxidation
aliphatic_hydroxylation_(tert_carbon_linked_to_two_CH3_groups),[CH3][CH1;X4;!$(Cc):1]([H])[CH3]>>C[C:1](O)C,Phase 1 SyGMa rules,SyGMa,Oxidation
benzylic_hydroxylation_(c-CH3),[c:1][CH3:2]([H])>>[c:1][C:2]O,Phase 1 SyGMa rules,SyGMa,Oxidation
benzylic_hydroxylation_(c-CH2-CH3),[c:1][CH2:2]([H])[CH3:3]>>[c:1][C:2](O)[C:3],Phase 1 SyGMa rules,SyGMa,Oxidation
benzylic_hydroxylation_(c-CH2-CR),[c:1][CH2:2]([H])[#6;!$([CH3]):3]>>[c:1][C:2](O)[#6:3],Phase 1 SyGMa rules,SyGMa,Oxidation
benzylic_hydroxylation_(c-CH2-N),[c:1][CH2:2]([H])[NH0:3]>>[c:1][C:2](O)[N:3],Phase 1 SyGMa rules,SyGMa,Oxidation
benzylic_hydroxylation_(c-CH1-CH3),"[c:1][CH1;X4;!$(C[O,N]):2]([H])[CH3:3]>>[c:1][C:2](O)[C:3]",Phase 1 SyGMa rules,SyGMa,Oxidation
benzylic_hydroxylation_(c-CH1-CR),"[c:1][CH1;X4;!$(C[O,N]):2]([H])[#6;c,$(C=*):3]>>[c:1][C:2](O)[#6:3]",Phase 1 SyGMa rules,SyGMa,Oxidation
carbonyl_reduction_(aliphatic),[C;X4:1][C:2](=[O:3])[C;X4:4]>>[C:1][C:2](-[O:3])[C:4],Phase 1 SyGMa rules,SyGMa,Reduction
carbonyl_reduction_(next_to_SP2_carbon),[C;X3:1][C:2](=[O:3])[C;X4:4]>>[C:1][C:2](-[O:3])[C:4],Phase 1 SyGMa rules,SyGMa,Reduction
carbonyl_reduction_(next_to_aromatic_carbon),[c:1][C:2](=[O:3])[C;X4:4]>>[c:1][C:2](-[O:3])[C:4],Phase 1 SyGMa rules,SyGMa,Reduction
carbonyl_reduction_(both_sides_next_to_aromatic_carbon),[c:1][C:2](=[O:3])[c:4]>>[c:1][C:2](-[O:3])[c:4],Phase 1 SyGMa rules,SyGMa,Reduction
aldehyde_reduction_(aliphatic),[C:1][CH1:2]=[O:3]>>[C:1][C:2]-[O:3],Phase 1 SyGMa rules,SyGMa,Reduction
aldehyde_reduction_(aromatic),[c:1][CH1:2]=[O:3]>>[c:1][C:2]-[O:3],Phase 1 SyGMa rules,SyGMa,Reduction
double_bond_reduction,"[C;$(C[OH1]),$(C=O):1][C:2]=[C;!$(Cc):3]>>[C:1][C:2]-[C:3]",Phase 1 SyGMa rules,SyGMa,Reduction
double_bond_reduction_(aromatic),"[c;$(c=O);r:1]:,-[c;r:2]:,=[c;H1;$(c[#8]),$(c[#7]);r:3]>>[C:1]-[C:2]([H])-[C:3]([H])",Phase 1 SyGMa rules,SyGMa,Reduction
double_bond_reduction_(benzylic),"[C;$(C[OH1]),$(C=O):1][C:2]=[C;$(Cc):3]>>[C:1][C:2]-[C:3]",Phase 1 SyGMa rules,SyGMa,Reduction
aldehyde_oxidation_(aliphatic),[C:1][CH1:2]([H])=[O:3]>>[C:1][C:2](O)=[O:3],Phase 1 SyGMa rules,SyGMa,Oxidation
aldehyde_oxidation_(aromatic),[c:1][CH1:2]([H])=[O:3]>>[c:1][C:2](O)=[O:3],Phase 1 SyGMa rules,SyGMa,Oxidation
O-deacetylation,[#6:1][O:2]C(=O)[CH3]>>[#6:1][O:2],Phase 1 SyGMa rules,SyGMa,Hydrolysis
N-deacetylation,[N:2]C(=O)[CH3]>>[N:2],Phase 1 SyGMa rules,SyGMa,Hydrolysis
decarboxylation,[*;!C;!#1:1]~[#6:2]C(=O)[OH1]>>[*:1]~[#6:2],Phase 1 SyGMa rules,SyGMa,Oxidative Cleavage
oxidative_decarboxylation,[O:1]=[C:2][C](=O)[O]>>[O:1]=[C:2][O],Phase 1 SyGMa rules,SyGMa,Oxidative Cleavage
beta-oxidation,[CH2:1]([H])([H])[CH2]C(=O)[OH1]>>[C:1](=O)O,Phase 1 SyGMa rules,SyGMa,Oxidation
"dehydrogenation_(alpha,beta_to_SP2_both_sides)","[*;$([#6&X3]),$([#7]~[#6X3]):1][CX4;H1&!$(C-[!#6;!#1]),H2:2]([H])[CX4;H2:3]([H])[*;$([#6&X3]),$([#7]~[#6X3]):4]>>[*:1][CH0:2]=[CH0:3][*:4]",Phase 1 SyGMa rules,SyGMa,Dehydrogenation
dehydrogenation_(CH1-CH3->C=CH2),[#6X3:1][CH1&!$(C-[!#6;!#1]):2]([H])[CH3:3]([H])>>[#6:1][CH0:2]=[CH2:3],Phase 1 SyGMa rules,SyGMa,Dehydrogenation
dehydrogenation_(CH2-CH3->C=CH2),[#6X3:1][CH2:2]([H])[CH3:3]([H])>>[#6:1][CH1:2]=[CH2:3],Phase 1 SyGMa rules,SyGMa,Dehydrogenation
dehydrogenation_(amine),"[N,c:1][C;X4;H1:2]([H])-[N;X3;H1:3]([H])>>[*:1][CH0:2]=[NH0:3]",Phase 1 SyGMa rules,SyGMa,Dehydrogenation
"dehydrogenation_(aromatization_of_1,4-dihydropyridine)",[c:1][#6:2]([H])1[#6:3]=[#6:4][NH1:5]([H])[#6:6]=[#6:7]1>>[c:1][#6H0:2]1=[#6:3][#6:4]=[NH0:5][#6:6]=[#6:7]1,Phase 1 SyGMa rules,SyGMa,Dehydrogenation
dehydration_next_to_SP2_both_sides,"[CX4!H0;$(C[#6X3]),$(C[#7]~[#6X3]):1]([H])-[CX4;$(C[#6X3]),$(C[#7]~[#6X3]):2]([OH1])>>[CH0:1]=[C:2]",Phase 1 SyGMa rules,SyGMa,Dehydrogenation
dehydration_next_to_SP2_a,"[CX4!H0;!$(C[*;#6&X3]);!$(C[#7]~[#6X3]):1]([H])-[CX4;$(C[#6X3]),$(C[#7]~[#6X3]):2]([OH1])>>[CH0:1]=[C:2]",Phase 1 SyGMa rules,SyGMa,Dehydrogenation
dehydration_next_to_SP2_b,"[CX4!H0;$(C[#6X3]),$(C[#7]~[#6X3]):1]([H])-[CX4;!$(C[*;#6&X3]);!$(C[#7]~[#6X3]):2]([OH1])>>[CH0:1]=[C:2]",Phase 1 SyGMa rules,SyGMa,Dehydrogenation
primary_alcohol_oxidation_(benzylic),[c:1][CH2:2]([H])([H])[OH1]>>[c:1][C:2](=O)O,Phase 1 SyGMa rules,SyGMa,Oxidation
primary_alcohol_oxidation_(aliphatic),[C:1][CH2:2]([H])([H])[OH1]>>[C:1][C:2](=O)O,Phase 1 SyGMa rules,SyGMa,Oxidation
secondary_alcohol_oxidation_(aliphatic),[C;!$(C[OH1]):1][CH1:2]([H])([C;!$(C[OH1]):3])-[OH1:4]([H])>>[C:1][CH0:2]([C:3])=[OH0:4],Phase 1 SyGMa rules,SyGMa,Oxidation
secondary_alcohol_oxidation_(benzylic),[c:1][CH1:2]([H])([C:3])-[OH1:4]([H])>>[c:1][CH0:2]([C:3])=[O:4],Phase 1 SyGMa rules,SyGMa,Oxidation
sulfoxide_oxidation_(c-S-C),[c:1][S;X3:2](=[O:3])[C:4]>>[c:1][S:2](=[O:3])(=O)[C:4],Phase 1 SyGMa rules,SyGMa,SPN-Oxidation
sulfoxide_oxidation_(C-S-C),[C:1][S;X3:2](=[O:3])[C:4]>>[C:1][S:2](=[O:3])(=O)[C:4],Phase 1 SyGMa rules,SyGMa,SPN-Oxidation
sulfoxide_oxidation_(c-S-c),[c:1][S;X3:2](=[O:3])[c:4]>>[c:1][S:2](=[O:3])(=O)[c:4],Phase 1 SyGMa rules,SyGMa,SPN-Oxidation
sulfide_oxidation_(c-S-C),[c:1][S;X2:2][C:4]>>[c:1][S:2](=O)[C:4],Phase 1 SyGMa rules,SyGMa,SPN-Oxidation
sulfide_oxidation_(C-S-C),[C:1][S;X2:2][C:4]>>[C:1][S:2](=O)[C:4],Phase 1 SyGMa rules,SyGMa,SPN-Oxidation
sulfide_oxidation_(c-S-c),[c:1][#16;X2:2][c:4]>>[c:1][#16:2](=O)[c:4],Phase 1 SyGMa rules,SyGMa,SPN-Oxidation
sulfide_oxidation_(c-S-c),[c:1][S;X2:2][c:4]>>[c:1][S:2](=O)[c:4],Phase 1 SyGMa rules,SyGMa,SPN-Oxidation
thiophene_oxidation,[sr5:1]>>[sr5:1]=O,Phase 1 SyGMa rules,SyGMa,SPN-Oxidation
sulfoxide_reduction,[S;X3;$(S([#6])[#6]):1]=O>>[S:1],Phase 1 SyGMa rules,SyGMa,Reduction
epoxide_hydrolysis,[C:1]1O[C:2]1>>[C:1](O)[C:2]O,Phase 1 SyGMa rules,SyGMa,Hydrolysis
oxidative_deamination_(amidine),[#6:1][N:2]=;@[C:3]([#6:4])[N:5]>>([#6:1][N:2]-[C:3]([#6:4])=O.[N:5]),Phase 1 SyGMa rules,SyGMa,Oxidative Cleavage
oxidative_deamination_(aromatic),[nX2:1][c:2]([N:3])>>[nH1:1]([H])-[c:2](=O.[N:3]),Phase 1 SyGMa rules,SyGMa,Oxidative Cleavage
oxidative_deamination_(aromatic),[nX2:1]1[c:2]([N:3])[a:4][a:5][a:6][a:7]1>>[nX2:1]([H])1-[c:2](=O.[N:3])-[a:4]=[a:5]-[a:6]=[a:7]-1,Phase 1 SyGMa rules,SyGMa,Oxidative Cleavage
oxidative_deamination_(aromatic),[nX2:1]1[c:2]([N:3])[a:4][n:5]([H])[a:6]1>>[nH1:1]([H])1-[c:2](=O.[N:3])-[a:4]-[n:5]=[a:6]-1,Phase 1 SyGMa rules,SyGMa,Oxidative Cleavage
oxidative_deamination_(on_primary_carbon),[C:1][CH2:2]([H])[NH2]>>[C:1][CH1:2]=O,Phase 1 SyGMa rules,SyGMa,Oxidative Cleavage
oxidative_deamination_(on_secondary_carbon),[C:1][CH1:2]([H])([C:3])[NH2]>>[C:1][CH0:2]([C:3])=O,Phase 1 SyGMa rules,SyGMa,Oxidative Cleavage
nitro_to_aniline,[c:1][N+](=O)[O-]>>[c:1][NH2],Phase 1 SyGMa rules,SyGMa,Reduction
aniline_to_nitro,[c;$(c1[cH1][cH1][c]([*;!#1])[cH1][cH1]1):1][NH2]>>[c:1][N+](=O)[O-],Phase 1 SyGMa rules,SyGMa,Oxidation
aliphatic_dehalogenation,"[CX4;H1,H2:1][Cl,Br,I]>>[C:1]O",Phase 1 SyGMa rules,SyGMa,Substitution
aromatic_dechlorination,[c;$(c1ccc([#7])cc1):1][Cl]>>[c:1]O,Phase 1 SyGMa rules,SyGMa,Substitution
ring_closure_(hydroxyl-5bonds-carboxyl),[OH1][C:2]!@[*:3]~!@[*:4][C;!$(CC1OCC(O)C(O)C1O)](=O)-[OH1]>>O1[C:2][*:3]~[*:4]C1=O,Phase 1 SyGMa rules,SyGMa,Ring_closure
ring_closure_(hydroxyl-5bonds-carboxyl),[OH1][C:2]@[*:3]~!@[*:4][C;!$(CC1OCC(O)C(O)C1O)](=O)-[OH1]>>O1[C:2][*:3]~[*:4]C1=O,Phase 1 SyGMa rules,SyGMa,Ring_closure
ring_closure_(hydroxyl-5bonds-carboxyl),[OH1][C:2]!@[*:3]~@[*:4][C;!$(CC1OCC(O)C(O)C1O)](=O)-[OH1]>>O1[C:2][*:3]~[*:4]C1=O,Phase 1 SyGMa rules,SyGMa,Ring_closure
ring_closure_(NH1-5bonds-carboxyl)2,[NH1;!$(NC=O):1]([H])[#6:2]~!@[*:3]~!@[*:4]C(=O)-[OH1]>>[N:1]1[#6:2]~[*:3]~[*:4]C1=O,Phase 1 SyGMa rules,SyGMa,Ring_closure
ring_closure_(NH1-5bonds-carboxyl)2,[NH1;!$(NC=O):1]([H])[#6:2]~[*:3]~!@[*:4]C(=O)-[OH1]>>[N:1]1[#6:2]~[*:3]~[*:4]C1=O,Phase 1 SyGMa rules,SyGMa,Ring_closure
ring_closure_(NH1-5bonds-carboxyl)2,[NH1;!$(NC=O):1]([H])[#6:2]~!@[*:3]~[*:4]C(=O)-[OH1]>>[N:1]1[#6:2]~[*:3]~[*:4]C1=O,Phase 1 SyGMa rules,SyGMa,Ring_closure
ring_closure_(hydroxyl-6bonds-carboxyl),[OH1][C:2]!@[*:3]~!@[*:4]~!@[*:5][C;!$(CC1OCC(O)C(O)C1O)](=O)-[OH1]>>O1[C:2][*:3]~[*:4]~[*:5]C1=O,Phase 1 SyGMa rules,SyGMa,Ring_closure
ring_closure_(hydroxyl-6bonds-carboxyl),[OH1][C:2]@[*:3]~!@[*:4]~!@[*:5][C;!$(CC1OCC(O)C(O)C1O)](=O)-[OH1]>>O1[C:2][*:3]~[*:4]~[*:5]C1=O,Phase 1 SyGMa rules,SyGMa,Ring_closure
ring_closure_(hydroxyl-6bonds-carboxyl),[OH1][C:2]!@[*:3]~@[*:4]~!@[*:5][C;!$(CC1OCC(O)C(O)C1O)](=O)-[OH1]>>O1[C:2][*:3]~[*:4]~[*:5]C1=O,Phase 1 SyGMa rules,SyGMa,Ring_closure
ring_closure_(hydroxyl-6bonds-carboxyl),[OH1][C:2]!@[*:3]~!@[*:4]~@[*:5][C;!$(CC1OCC(O)C(O)C1O)](=O)-[OH1]>>O1[C:2][*:3]~[*:4]~[*:5]C1=O,Phase 1 SyGMa rules,SyGMa,Ring_closure
ring_closure_(NH1-6bonds-carboxyl),[NH1;!$(NC=O):1]([H])[#6:2]~!@[*:3]~!@[*:4]~!@[*:5]C(=O)-[OH1]>>[N:1]1[#6:2]~[*:3]~[*:4]~[*:5]C1=O,Phase 1 SyGMa rules,SyGMa,Ring_closure
ring_closure_(NH1-6bonds-carboxyl),[NH1;!$(NC=O):1]([H])[#6:2]~@[*:3]~!@[*:4]~!@[*:5]C(=O)-[OH1]>>[N:1]1[#6:2]~[*:3]~[*:4]~[*:5]C1=O,Phase 1 SyGMa rules,SyGMa,Ring_closure
ring_closure_(NH1-6bonds-carboxyl),[NH1;!$(NC=O):1]([H])[#6:2]~!@[*:3]~@[*:4]~!@[*:5]C(=O)-[OH1]>>[N:1]1[#6:2]~[*:3]~[*:4]~[*:5]C1=O,Phase 1 SyGMa rules,SyGMa,Ring_closure
ring_closure_(NH1-6bonds-carboxyl),[NH1;!$(NC=O):1]([H])[#6:2]~!@[*:3]~!@[*:4]~@[*:5]C(=O)-[OH1]>>[N:1]1[#6:2]~[*:3]~[*:4]~[*:5]C1=O,Phase 1 SyGMa rules,SyGMa,Ring_closure
hydrolysis_(methoxyester),[C;$(C=O):1][O:2][CH3]>>[C:1][O:2],Phase 1 SyGMa rules,SyGMa,Hydrolysis
hydrolysis_(ester),[C$(C[#6!H3]):2](=[O:3])O[#6!H3:4]>>([C:2](=[O:3])O.O[#6:4]),Phase 1 SyGMa rules,SyGMa,Hydrolysis
hydrolysis_(primary_amide),[C$(C[#6!H3]):2](=[O:3])[NH2]>>[C:2](=[O:3])O,Phase 1 SyGMa rules,SyGMa,Hydrolysis
hydrolysis_(secondary_amide),[C$(C[#6!H3]):2](=[O:3])[NH1:4][#6:5]>>([C:2](=[O:3])O.[N:4][#6:5]),Phase 1 SyGMa rules,SyGMa,Hydrolysis
hydrolysis_(tertiary_amide),[C$(C[#6!H3]):2](=[O:3])[#7:4]([#6:5])[#6:6]>>([C:2](=[O:3])O.[#7:4]([#6:5])[#6:6]),Phase 1 SyGMa rules,SyGMa,Hydrolysis
hydrolysis_(heteroatom_bonded_amide),[C$(C[#6!H3]):2](=[O:3])[N:4][*;!#6;!#1:5]>>([C:2](=[O:3])O.[N:4][*:5]),Phase 1 SyGMa rules,SyGMa,Hydrolysis
hydrolysis_(urea_or_carbonate),"[#7,#8:1][C:2](=[O:3])[#7,#8:4][*;!#1:5]>>([*:1][C:2](=[O:3])O.[*H1:4][*:5])",Phase 1 SyGMa rules,SyGMa,Hydrolysis
hydrolysis_(X=X-X_exclude_phosphate),"[*;!#1:5][*;!#6;!#1;!$(S(=O)(=O)N);!$(P(O)(O)(O)=O):1](=[*;!#6;!#1:2])[N,O:3][*;!#1:4]>>([*:5][*:1](=[*:2])O.[*:3][*:4])",Phase 1 SyGMa rules,SyGMa,Hydrolysis
hydrolysis_(CNC(OH)R),[#6:1][N:2][CH1]([OH1])[*;!#1:3]>>([#6:1][N:2].C(=O)[*:3]),Phase 1 SyGMa rules,SyGMa,Hydrolysis
N-oxidation_(tertiary_N),[C;X4;!H3;!$(C(N)[!#6;!#1]):1][N;X3:2]([C;X4;!H3;!$(C(N)[!#6;!#1]):3])[C;X4;!H3;!$(C(N)[!#6;!#1]):4]>>[C:1][N+:2]([C:3])([C:4])[O-],Phase 1 SyGMa rules,SyGMa,SPN-Oxidation
N-oxidation_(tertiary_NCH3),[C;X4;!H3;!$(C(N)[!#6;!#1]):1][N;X3:2]([CH3:3])[C;X4;!H3;!$(C(N)[!#6;!#1]):4]>>[C:1][N+:2]([C:3])([C:4])[O-],Phase 1 SyGMa rules,SyGMa,SPN-Oxidation
N-oxidation_(RN(CH3)2),[C;X4;!$(C(N)[!#6;!#1]):1][N;X3:2]([CH3:3])[CH3:4]>>[C:1][N+:2]([C:3])([C:4])[O-],Phase 1 SyGMa rules,SyGMa,SPN-Oxidation
N-oxidation_(-N=),[#6:1]~[#7;X2;R:2]~[#6:3]>>[#6:1]~[#7+:2](~[#6:3])[O-],Phase 1 SyGMa rules,SyGMa,SPN-Oxidation
N-oxidation_(aniline),[c:1][NH2:2]([H])>>[c:1][N:2]O,Phase 1 SyGMa rules,SyGMa,SPN-Oxidation
acetyl_shift,[#6:1][C:2](=O)O[C:5][C:6][OH1]>>[#6:1][C:2](=O)O[C:6][C:5]O,Phase 1 SyGMa rules,SyGMa,Acetyl_shift
tautomerisation_(keto->enol),[c:1][C:2](=[O:3])[CH2:4]([H])[#6:5]>>[c:1][C:2](-[O:3])=[C:4][#6:5],Phase 1 SyGMa rules,SyGMa,Tautomerisation
vinyl_oxidation,[#6:3][CH1:1]=[CH2:2]>>[#6:3][C:1](O)-[C:2]O,Phase 1 SyGMa rules,SyGMa,Oxidation
isopropenyl_oxidation,[#6:3][C:1]([CH3:4])=[CH2:2]>>[#6:3][C:1]([CH3:4])(O)-[C:2]O,Phase 1 SyGMa rules,SyGMa,Oxidation
oxidation_(amine_in_a_ring),[CH2:1][CH2;R:2]([H])([H])[N:3]>>[C:1][C:2](=O)[N:3],Phase 1 SyGMa rules,SyGMa,Oxidation
imine_hydrolysis,[#6:1][C:2]([#6:3])=[N;!$(N-N):4]>>([#6:1][C:2]([#6:3])=O.[N:4]),Phase 1 SyGMa rules,SyGMa,Hydrolysis
hydrazone_hydrolysis,[#6:2]=[N:4]-[N:5]>>([#6:2]=O.[N:4]-[N:5]),Phase 1 SyGMa rules,SyGMa,Hydrolysis
diazene_cleavage,[c:1][N:2]=[N:3][c:4]>>([c:1][N:2].[N:3][c:4]),Phase 1 SyGMa rules,SyGMa,Oxidative Cleavage
azide_cleavage,[*:1][N:2]=[N+]=[N-]>>[*:1][N:2],Phase 1 SyGMa rules,SyGMa,Oxidative Cleavage
aromatic_oxidation,[#6:1][c:2]1[cH1:3][cH1:4]([H])[cH1:5]([H])[cH1:6][cH1:7]1>>[#6:1][c:2]1[c:3][c:4](OC)[c:5](O)[c:6][c:7]1,Phase 1 SyGMa rules,SyGMa,Oxidation
phosphine_sulphide_hydrolysis,[P:1]=[S]>>[P:1]=[O],Phase 1 SyGMa rules,SyGMa,Hydrolysis
oxidation_to_quinone,"[#7,O;H1:1]([H])[#6:2]:1:[#6:3]:[#6:4]:[#6:5](:[#6:6]:[#6:7]:1)[#7,O;H1:8]([H])>>[*:1]=[#6:2]-1-[#6:3]=[#6:4]-[#6:5](-[#6:6]=[#6:7]-1)=[*:8]",Phase 1 SyGMa rules,SyGMa,Oxidation
cyclic_hemiacetal_ring_opening,[#6:1][O:2]@[CH1:3]([OH1:4])[*:5]>>([#6:1][O:2].[C:3]([O:4])[*:5]),Phase 1 SyGMa rules,SyGMa,Ring_opening
oxidation_(C=N),[NX2:1]=[CH1:2]([H])>>[N:1]-[C:2]=O,Phase 1 SyGMa rules,SyGMa,Oxidation
deiodonidation,[#6X3:1][I]>>[#6:1],Phase 1 SyGMa rules,SyGMa,Substitution
nitrile_to_amide,[C:1]#N>>[C:1](=O)-N,Phase 1 SyGMa rules,SyGMa,Oxidation
steroid_d5d4,[C;$(C~1~C~C~C~C~2~C~C~C~3~C~4~C~C~C~C~4~C~C~C~3~C~2~1):1]1[C:2][C:3](=[O:30])[C:4]([H])[C:5]=[C:6]1>>[C:1]1[C:2][C:3](=[O:30])[C:4]=[C:5]-[C:6]1,Phase 1 SyGMa rules,SyGMa,Steroid_d5d4
steroid_17hydroxy_to_keto,[C;$(C~1~C~2~C~C~C~3~C~4~C~C~C~C~C~4~C~C~C~3~C~2~C~C~1):17]([OH1:30]([H]))!@[C:31]>>([C:17]=[OH0:30].[C:31]),Phase 1 SyGMa rules,SyGMa,Steroid_17hydroxy_to_keto
aliphatic hydroxylation,[C;X4:1][H:2]>>[C:1][O][H:2],CYP rules from GLORY (phase 1),GLORY,Oxidation
aliphatic hydroxylation with allylic rearrangement 1,[C;!$(C(=C)CC=C);X3:1]=[C;X3:2][C;!$(C(C=C)C=C);X4:3]([H])>>[C:1](O)-[C:2]=[C:3],CYP rules from GLORY (phase 1),GLORY,Oxidation
aliphatic hydroxylation with allylic rearrangement 2,[C;X3:1]=[C;X3:2][C;$(C(C=C)C=C)X4:3]([H])([H])>>[C:1](O)-[C:2]=[C:3],CYP rules from GLORY (phase 1),GLORY,Oxidation
aromatic hydroxylation,[c:1][H:2]>>[c:1][O][H:2],CYP rules from GLORY (phase 1),GLORY,Oxidation
aromatic hydroxylation with nih shift,"[c:1]([H:5])[c;$(c1c([H])c([H])[c;H0]c([H])c([H])1):2][CH3,Br,Cl:3]>>[c:1]([*:3])[c:2][O][H:5]",CYP rules from GLORY (phase 1),GLORY,Oxidation
aromatic hydroxylation of pyrazolone,"[#6;$([#6]1[#6](=O)[#7][#7][#6]:,=1),$([#6]1:,=[#6][#6](=O)[#7][#7]1):1][H:2]>>[#6:1][O][H:2]",CYP rules from GLORY (phase 1),GLORY,Oxidation
hydroxylation of cyclopropane,[C:1]1[C:2][C:3]1[C:4]([H])>>[C:1](O)[C:2][C:3]=[C:4],CYP rules from GLORY (phase 1),GLORY,Oxidation
amine hydroxylation,[N:1]([H:3])[#6:2]>>[N:1]([O][H:3])[#6:2],CYP rules from GLORY (phase 1),GLORY,SPN-Oxidation
N-dealkylation of piperazine,[*;!#1:1][N;X3:2]1[C:3][C:4][N;X3:5][CH2][CH2]1>>[*:1][N:2][C:3][C:4][N:5],CYP rules from GLORY (phase 1),GLORY,Oxidative Cleavage
N-dealkylation of morpholine,[N;X3;$(N1CCOCC1):1][CH2;$(C1NCCOC1)][CH2;$(C1OCCNC1)][O;$(O1CCNCC1):4]>>[N:1].[O:4],CYP rules from GLORY (phase 1),GLORY,Oxidative Cleavage
S-dealkylation,[C:3][#16:1][C:2]([H])>>([C:3][#16:1]([H]).[C:2]=[O]),CYP rules from GLORY (phase 1),GLORY,Oxidative Cleavage
S-oxidation,[#16:1] >> [#16:1](=[O]),CYP rules from GLORY (phase 1),GLORY,SPN-Oxidation
N-oxidation,"[#7;X3,X2;H0:1][#6:2]>>[#7+:1]([O-])[#6:2]",CYP rules from GLORY (phase 1),GLORY,SPN-Oxidation
P-oxidation,[#15;X3:1]>>[#15;X4:1]=[O],CYP rules from GLORY (phase 1),GLORY,SPN-Oxidation
aldehyde oxidation,[C:1]([H])=[O:2]>>[C:1](O)=[O:2],CYP rules from GLORY (phase 1),GLORY,Oxidation
aldehyde oxidation to olefin,[C:1]([H])[C:2]([H])[C:3]([H])=[O:4]>>[C:1]=[C:2].[C:3](O)=[O:4],CYP rules from GLORY (phase 1),GLORY,Oxidation
alcohol oxidation,[C:1]([H])[O:2][H]>>[C:1]=[O:2],CYP rules from GLORY (phase 1),GLORY,Oxidation
olefin oxidation,[C:1]([C:3])([C:4])=[C:2]([C:5])([C:6])>>[C:1](=O)([C:3])[C:2]([C:4])([C:5])([C:6]),CYP rules from GLORY (phase 1),GLORY,Oxidation
"acetylene oxidation, first step",[#6:3][C:1]#[C:2][#6:4]>>[#6:3][C:1]([#6:4])=[C:2](=O),CYP rules from GLORY (phase 1),GLORY,Oxidation
"acetylene oxidation, complete oxidation",[#6:3][C:1]#[C:2][#6:4]>>[#6:3][C:1]([#6:4])[C:2](=O)[O],CYP rules from GLORY (phase 1),GLORY,Oxidation
oxidation of 4-substituted phenol to quinone,[c:1]1([O:7][H])[c:2][c:3][c;X3:4]([!C:8])[c:5][c:6]1>>[C:1]1(=[O:7])-[C:2]=[C:3]-[C;X3:4](=O)-[C:5]=[C:6]-1.[!C:8],CYP rules from GLORY (phase 1),GLORY,Oxidation
oxidation of 4-substituted anisole to quinone,[c:1]1([O:7][C:9])[c:2][c:3][c;X3:4]([!C:8])[c:5][c:6]1>>[C:1]1(=[O:7])-[C:2]=[C:3]-[C;X3:4](=O)-[C:5]=[C:6]-1.[!C:8].[C:9],CYP rules from GLORY (phase 1),GLORY,Oxidation
oxidation of 4-substituted phenol to quinone (substituent not a leaving group),[c:1]1([O:7][H])[c:2][c:3][c;X3:4]([C:8])[c:5][c:6]1>>[C:1]1(=[O:7])-[C:2]=[C:3]-[C:4]([C:8])(O)-[C:5]=[C:6]-1,CYP rules from GLORY (phase 1),GLORY,Oxidation
oxidation of 4-substituted phenol to quinone imine,[c:1]1([O:7][H])[c:2][c:3][c;X3:4]([N:8][H])[c:5][c:6]1>>[C:1]1(=[O:7])-[C:2]=[C:3]-[C;X3:4](=[N:8])-[C:5]=[C:6]-1,CYP rules from GLORY (phase 1),GLORY,Oxidation
oxidation of 4-substituted anisole to quinone (substituent not a leaving group),[c:1]1([O:7][C:9])[c:2][c:3][c;X3:4]([C:8])[c:5][c:6]1>>[C:1]1(=[O:7])-[C:2]=[C:3]-[C:4]([C:8])(O)-[C:5]=[C:6]-1.[C:9],CYP rules from GLORY (phase 1),GLORY,Oxidation
oxidation of indole,"[c;$(c1cc2ccccc2n1),$(c1c2ccccc2nc1):1]([H])=,:[c:2]-,:[n:3]>>[C:1](=[O])-[C:2]-[N:3]",CYP rules from GLORY (phase 1),GLORY,Oxidation
epoxidation,[C:1]=[C:2]>>[C:1]1[C:2][O]1,CYP rules from GLORY (phase 1),GLORY,Epoxidation
"oxidation of 1,4-dihydropyridines",[N;X3:1]1([H])[#6:2]=[#6:3][#6;X4:4]([H])[#6:5]=[#6:6]1>>[n;H0:1]1=[#6:2][#6:3]=[#6:4][#6:5]=[#6:6]1,CYP rules from GLORY (phase 1),GLORY,Dehydrogenation
N-dearylation,[c;R1:1]1[c;R1:2][c;R1:3][c;R1:4][c;R1:5][c;R1:6]1[N:7][c:8]>>[C:1]1=[C:2]-[C:3]-[C:4]=[C:5]-[C:6]1=[O].[c:8][NH2:7],CYP rules from GLORY (phase 1),GLORY,Oxidative Cleavage
O-dearylation,[c;R1:1]1[c;R1:2][c;R1:3][c;R1:4][c;R1:5][c;R1:6]1[O:7][c:8]>>[C:1]1=[C:2]-[C:3]-[C:4]=[C:5]-[C:6]1=[O].[c:8][O:7],CYP rules from GLORY (phase 1),GLORY,Oxidative Cleavage
O-dearylation,[c;R1:1]1[c;R1:2][c;R1:3][c;R1:4][c;R1:5][c;R1:6]1[O:7][c;R1:8]2[c;R1:9][c;R1:10][c;R1:11][c;R1:12][c;R1:13]2>>[C:1]1=[C:2]-[C:3]-[C:4]=[C:5]-[C:6]1=[O:7].[C:8]2(=[O])-[C:9]=[C:10]-[C:11]-[C:12]=[C:13]-2,CYP rules from GLORY (phase 1),GLORY,Oxidative Cleavage
O-dearylation with para hydroxyl,[c;R1:1]1[c;R1:2][c;R1:3]([O:20][H])[c;R1:4][c;R1:5][c;R1:6]1[O:7][c:8]>>[C:1]1=[C:2]-[C:3](=[O:20])-[C:4]=[C:5]-[C:6]1=[O].[c:8][O:7],CYP rules from GLORY (phase 1),GLORY,Oxidative Cleavage
O-dearylation with para hydroxyl,[c;R1:1]1[c;R1:2][c;R1:3]([O:20][H])[c;R1:4][c;R1:5][c;R1:6]1[O:7][c;R1:8]2[c;R1:9][c;R1:10][c;R1:11][c;R1:12][c;R1:13]2>>[C:1]1=[C:2]-[C:3](=[O:20])-[C:4]=[C:5]-[C:6]1=[O:7].[C:8]2(=[O])-[C:9]=[C:10]-[C:11]-[C:12]=[C:13]-2,CYP rules from GLORY (phase 1),GLORY,Oxidative Cleavage
deformylation,[C:1]([H])-[C:2]([H])-[C:3]=[O:4]>>[C:1]=[C:2].[C:3]=[O:4],CYP rules from GLORY (phase 1),GLORY,Oxidative Cleavage
desulfuration of phosphor,[*:1][P:2](=S)([*:3])[*:4]>>[*:1][P:2](=O)([*:3])[*:4],CYP rules from GLORY (phase 1),GLORY,Substitution
desulfuration of carbon,[*:1][C:2](=S)[*:3]>>[*:1][C:2](=O)[*:3],CYP rules from GLORY (phase 1),GLORY,Substitution
reduction of N-oxide,[#7+;X4:1]([O-])>>[#7;X3:1],CYP rules from GLORY (phase 1),GLORY,Reduction
reduction of RNOR,"[#8;$([#8][#6]):1][#7:2]:,=[#6:3]>>[#8:1]([H]).[#7:2]([H])([H])-[#6:3]([H])",CYP rules from GLORY (phase 1),GLORY,Reduction
reduction of RNOR,[#8;$([#8][#6]):1][#7:2][#6;!X4:3]>>[#8:1]([H]).[#7:2].[#6:3]=[O],CYP rules from GLORY (phase 1),GLORY,Reduction
reduction of RNOR,[#8;$([#8][#6]):1][#7;$([#7][#6]):2]>>[#8:1]([H]).[#7:2]([H]),CYP rules from GLORY (phase 1),GLORY,Reduction
reduction of nitro group,[N;X3:1](=O)=[O]>>[NH2:1],CYP rules from GLORY (phase 1),GLORY,Reduction
reduction of nitro group,[N+;X3:1](=O)[O-]>>[NH2:1],CYP rules from GLORY (phase 1),GLORY,Reduction
reduction of C- or N-nitroso compound,"[C,N:1][N;X2:2](=O)>>[C,N:1][N;H2:2]",CYP rules from GLORY (phase 1),GLORY,Reduction
azo reduction,[#6:1][N:2]=[N:3][#6:4]>>[#6:1][NH2:2].[NH2:3][#6:4],CYP rules from GLORY (phase 1),GLORY,Reduction
hydrazine reduction,[NX3:1]-[NX3:2]>>[N:1]([H]).[N:2]([H]),CYP rules from GLORY (phase 1),GLORY,Reduction
oxidative dehalogenation alkyl,"[C:1]([H])[F,Cl,Br:2]>>[C:1]=[O].[F,Cl,Br:2]",CYP rules from GLORY (phase 1),GLORY,Substitution
oxidative dehalogenation benzyl,"[c;$([c;!H]1ccccc1),$(c1[c;!H]cccc1),$(c1c[c;!H]ccc1),$(c1cc[c;!H]cc1),$(c1ccc[c;!H]c1),$(c1cccc[c;!H]1):1][F,Cl,Br,I:2]>>[c:1][O].[F,Cl,Br,I:2]",CYP rules from GLORY (phase 1),GLORY,Substitution
reductive dehalogenation,"[C:1]([F,Cl,Br:3])[C:2]([F,Cl,Br:4])>>[C:1]=[C:2].[*:3].[*:4]",CYP rules from GLORY (phase 1),GLORY,Substitution
alkyl dehydrogenation,[C:1]([H])-[C:2]([H])>>[C:1]=[C:2],CYP rules from GLORY (phase 1),GLORY,Dehydrogenation
dehydration of N-C bond,[N;X3:1]([H])[C;!H3:2][H]>>[N:1]=[C:2],CYP rules from GLORY (phase 1),GLORY,Dehydrogenation
dehydration of N-C bond,"[#7;X3:1]([H]):,-[#6;!H3:2]([H]):,=[#6:3]-[C:4]([H])>>[#7:1]=[#6:2]-[#6:3]=[C:4]",CYP rules from GLORY (phase 1),GLORY,Dehydrogenation
oxidative ester cleavage,[C$(C(O)([#6])=O):2][O:3][C:4][H]>>[C:2][O:3].[C:4]=[O],CYP rules from GLORY (phase 1),GLORY,Oxidative Cleavage
phosphoester cleavage,[O:1]=[P$(P(O)(O)=O):2][O:3][#6:4]>>[O:1]=[P:2][O:3].[#6:4][O],CYP rules from GLORY (phase 1),GLORY,Hydrolysis
carbamate cleavage,[#7:1][C;$([C](O)=O):2][O:3][C:4]>>[#7:1][H].[C:2]=[O:3].[C:4][O],CYP rules from GLORY (phase 1),GLORY,Oxidative Cleavage
carbamide cleavage,[N:1][C;$([C](N)(N)=O):2][N:3]>>[N:1][C:2].[N:3],CYP rules from GLORY (phase 1),GLORY,Oxidative Cleavage
oxidation of N-nitrosamine,[N$(N(C)C):1]([C:3][H])[N$(N(N)=O):2]>>[N:1]([H])([H]).[N:2]([O-]).[C:3](=O),CYP rules from GLORY (phase 1),GLORY,Oxidation
scission of unsaturated fatty acid peroxides 1,[C:1]([H])=[C:2]-[C:3]=[C:4]-[C:5]-[O:6]([O])>>[C:1]=[C:2][C:3](O)[C:4]1-[C:5]-[O:6]1,CYP rules from GLORY (phase 1),GLORY,Scission of unsaturated fatty acid peroxides 1
scission of unsaturated fatty acid peroxides 2,[C:1]([H])=[C:2]-[C:3]=[C:4]-[C:5]-[O:6]([O])>>[C:1]([O])[C:2]=[C:3][C:4]1-[C:5]-[O:6]1,CYP rules from GLORY (phase 1),GLORY,Scission of unsaturated fatty acid peroxides 2
dehydration of an aldoxime to a nitrile,[C:1]([H])=[N:2][O]([H])>>[C:1]#[N:2],CYP rules from GLORY (phase 1),GLORY,Dehydrogenation
cyclization to 6-membered lactone,[C:1]([H])([OH])[#6:2][#6:3][#6:4][C;$(C=O):5][O:6][*:7]>>[C:1]1[#6:2][#6:3][#6:4][C;$(C=O):5][O:6]1.[*:7],CYP rules from GLORY (phase 1),GLORY,Cyclization
cyclization to 5-membered lactone,"[C:1]([H])[c:2][c:3][C;$(C=O):4][O:5][C,#1:6]>>[C:1]1[c:2][c:3][C:4][O:5]1.[*:6]",CYP rules from GLORY (phase 1),GLORY,Cyclization
cyclization to 6-membered NCN ring,[N;X3:1]([H])~[*:2]~[*:3]~[*:4]~[N:5]-[C:6]([H])>>[N:1]1~[*:2]~[*:3]~[*:4]~[N:5]-[C:6]1,CYP rules from GLORY (phase 1),GLORY,Cyclization
cyclization to 5-membered NCN ring,[N;X3:1]([H])~[*:2]~[*:3]~[N:5]-[C:6]([H])>>[N:1]1~[*:2]~[*:3]~[N:5]-[C:6]1,CYP rules from GLORY (phase 1),GLORY,Cyclization
cyclization to furan,[O:1]=[C;R1:2][C;R1:3]=[C:4][C:5]([H])[H]>>[O:1]1[C:2]=[C:3][C:4]=[C:5]1,CYP rules from GLORY (phase 1),GLORY,Cyclization
cyclobutamine expansion,[C:1]1-[C:2]-[C:3]-[C$(C1(C)CCC1):4]1[N:5]([H])>>[C:1]1-[C:2]-[C:3]-[C:4]=[N+:5]1,CYP rules from GLORY (phase 1),GLORY,Cyclobutamine expansion
D-homoannulation of 17 alpha-ethinyl steroids,[C$([#6R1]~1~[#6R1]~[#6R1]~[#6R2]~2~[#6R2]~1~[#6R1]~[#6R1]~[#6R2]~3~[#6R2]~2~[#6R1]~[#6R1]~[#6R2]~4~[#6R1]~[#6R1]~[#6R1]~[#6R1]~[#6R2]~3~4):1]1([O:6][H])([C:7]#[C:8])[C:2][C:3][C:4][C:5]1>>[C:1]1(=[O:6])[C:7](=[C:8](O))[C:2][C:3][C:4][C:5]1,CYP rules from GLORY (phase 1),GLORY,D-homoannulation of 17 alpha-ethinyl steroids
"oxidation of spiro[2,5]oxane",[C:1]1[C:2]2([C:3][C:4]2)[C:5]([H])[C:6][C:7][C:8]1>>[C:1]1[C:2]2(O)[C:3][C:4][C:5]2[C:6][C:7][C:8]1,CYP rules from GLORY (phase 1),GLORY,Oxidation
hydrolysis_(S-N),[N:1][S;X2:2][N:4]>>[N:1],CYP rules from CYP-MAP (phase 1),CYP-MAP,Hydrolysis
N-demethylation_(tertiary_amine),[N:1]([C:2])([C:3])[C:4]([H])([H])[H]>>[N:1]([C:2])[C:3],CYP rules from CYP-MAP (phase 1),CYP-MAP,Oxidative Cleavage
N-dealkylation_(hetero_ring),[#7&R1:1][C:2][H]>>([#7:1][H].[C:2]=O),CYP rules from CYP-MAP (phase 1),CYP-MAP,Oxidative Cleavage
O-dealkylation_(ether),[C:1][O:2][C:3]>>([C:1][O:2].O[C:3]),CYP rules from CYP-MAP (phase 1),CYP-MAP,Oxidative Cleavage
N-dealkylation_(hetero_ring2),[n:1][C:2]([H])([#6:3])([#6:4])>>([nH:1].O=[C:2]([#6:3])([#6:4])),CYP rules from CYP-MAP (phase 1),CYP-MAP,Oxidative Cleavage
